{
    "loss": 0.4161573052406311,
    "accuracy": 0.7758620977401733
}