{
    "loss": 0.3181740939617157,
    "accuracy": 0.8362069129943848
}