{
    "loss": 0.11030233651399612,
    "accuracy": 0.9979494214057922
}